Start,Stop,StageName,StageNumber,EmbeddingNumber
0,5,Unknown,-1,0
5,10,Unknown,-1,1
10,15,Unknown,-1,2
15,20,Unknown,-1,3
20,25,Unknown,-1,4
25,30,Unknown,-1,5
30,35,Unknown,-1,6
35,40,Unknown,-1,7
40,45,Unknown,-1,8
45,50,Unknown,-1,9
50,55,Unknown,-1,10
55,60,Unknown,-1,11
60,65,Unknown,-1,12
65,70,Unknown,-1,13
70,75,Unknown,-1,14
75,80,Unknown,-1,15
80,85,Unknown,-1,16
85,90,Unknown,-1,17
90,95,Unknown,-1,18
95,100,Unknown,-1,19
100,105,Unknown,-1,20
105,110,Unknown,-1,21
110,115,Unknown,-1,22
115,120,Unknown,-1,23
120,125,Unknown,-1,24
125,130,Unknown,-1,25
130,135,Unknown,-1,26
135,140,Unknown,-1,27
140,145,Unknown,-1,28
145,150,Unknown,-1,29
150,155,Unknown,-1,30
155,160,Unknown,-1,31
160,165,Unknown,-1,32
165,170,Unknown,-1,33
170,175,Unknown,-1,34
175,180,Unknown,-1,35
180,185,Unknown,-1,36
185,190,Unknown,-1,37
190,195,Unknown,-1,38
195,200,Unknown,-1,39
200,205,Unknown,-1,40
205,210,Unknown,-1,41
210,215,Unknown,-1,42
215,220,Unknown,-1,43
220,225,Unknown,-1,44
225,230,Unknown,-1,45
230,235,Unknown,-1,46
235,240,Unknown,-1,47
240,245,Unknown,-1,48
245,250,Unknown,-1,49
250,255,Unknown,-1,50
255,260,Unknown,-1,51
260,265,Unknown,-1,52
265,270,Unknown,-1,53
270,275,Unknown,-1,54
275,280,Unknown,-1,55
280,285,Unknown,-1,56
285,290,Unknown,-1,57
290,295,Unknown,-1,58
295,300,Unknown,-1,59
300,305,Unknown,-1,60
305,310,Unknown,-1,61
310,315,Unknown,-1,62
315,320,Unknown,-1,63
320,325,Unknown,-1,64
325,330,Unknown,-1,65
330,335,Unknown,-1,66
335,340,Unknown,-1,67
340,345,Unknown,-1,68
345,350,Unknown,-1,69
350,355,Unknown,-1,70
355,360,Unknown,-1,71
360,365,Unknown,-1,72
365,370,Unknown,-1,73
370,375,Unknown,-1,74
375,380,Unknown,-1,75
380,385,Unknown,-1,76
385,390,Unknown,-1,77
390,395,Unknown,-1,78
395,400,Unknown,-1,79
400,405,Unknown,-1,80
405,410,Unknown,-1,81
410,415,Unknown,-1,82
415,420,Unknown,-1,83
420,425,Unknown,-1,84
425,430,Unknown,-1,85
430,435,Unknown,-1,86
435,440,Unknown,-1,87
440,445,Unknown,-1,88
445,450,Unknown,-1,89
450,455,Unknown,-1,90
455,460,Unknown,-1,91
460,465,Unknown,-1,92
465,470,Unknown,-1,93
470,475,Unknown,-1,94
475,480,Unknown,-1,95
480,485,Unknown,-1,96
485,490,Unknown,-1,97
490,495,Unknown,-1,98
495,500,Unknown,-1,99
500,505,Unknown,-1,100
505,510,Unknown,-1,101
510,515,Unknown,-1,102
515,520,Unknown,-1,103
520,525,Unknown,-1,104
525,530,Unknown,-1,105
530,535,Unknown,-1,106
535,540,Unknown,-1,107
540,545,Unknown,-1,108
545,550,Unknown,-1,109
550,555,Unknown,-1,110
555,560,Unknown,-1,111
560,565,Unknown,-1,112
565,570,Unknown,-1,113
570,575,Unknown,-1,114
575,580,Unknown,-1,115
580,585,Unknown,-1,116
585,590,Unknown,-1,117
590,595,Unknown,-1,118
595,600,Unknown,-1,119
600,605,Unknown,-1,120
605,610,Unknown,-1,121
610,615,Unknown,-1,122
615,620,Unknown,-1,123
620,625,Unknown,-1,124
625,630,Unknown,-1,125
630,635,Unknown,-1,126
635,640,Unknown,-1,127
640,645,Unknown,-1,128
645,650,Unknown,-1,129
650,655,Unknown,-1,130
655,660,Unknown,-1,131
660,665,Unknown,-1,132
665,670,Unknown,-1,133
670,675,Unknown,-1,134
675,680,Unknown,-1,135
680,685,Unknown,-1,136
685,690,Unknown,-1,137
690,695,Unknown,-1,138
695,700,Unknown,-1,139
700,705,Unknown,-1,140
705,710,Unknown,-1,141
710,715,Unknown,-1,142
715,720,Unknown,-1,143
720,725,Unknown,-1,144
725,730,Unknown,-1,145
730,735,Unknown,-1,146
735,740,Unknown,-1,147
740,745,Unknown,-1,148
745,750,Unknown,-1,149
750,755,Unknown,-1,150
755,760,Unknown,-1,151
760,765,Unknown,-1,152
765,770,Unknown,-1,153
770,775,Unknown,-1,154
775,780,Unknown,-1,155
780,785,Unknown,-1,156
785,790,Unknown,-1,157
790,795,Unknown,-1,158
795,800,Unknown,-1,159
800,805,Unknown,-1,160
805,810,Unknown,-1,161
810,815,Unknown,-1,162
815,820,Unknown,-1,163
820,825,Unknown,-1,164
825,830,Unknown,-1,165
830,835,Unknown,-1,166
835,840,Unknown,-1,167
840,845,Unknown,-1,168
845,850,Unknown,-1,169
850,855,Unknown,-1,170
855,860,Unknown,-1,171
860,865,Unknown,-1,172
865,870,Unknown,-1,173
870,875,Unknown,-1,174
875,880,Unknown,-1,175
880,885,Unknown,-1,176
885,890,Unknown,-1,177
890,895,Unknown,-1,178
895,900,Unknown,-1,179
900,905,Unknown,-1,180
905,910,Unknown,-1,181
910,915,Unknown,-1,182
915,920,Unknown,-1,183
920,925,Unknown,-1,184
925,930,Unknown,-1,185
930,935,Unknown,-1,186
935,940,Unknown,-1,187
940,945,Unknown,-1,188
945,950,Unknown,-1,189
950,955,Unknown,-1,190
955,960,Unknown,-1,191
960,965,Unknown,-1,192
965,970,Unknown,-1,193
970,975,Unknown,-1,194
975,980,Unknown,-1,195
980,985,Unknown,-1,196
985,990,Unknown,-1,197
990,995,Unknown,-1,198
995,1000,Unknown,-1,199
1000,1005,Unknown,-1,200
1005,1010,Unknown,-1,201
1010,1015,Unknown,-1,202
1015,1020,Unknown,-1,203
1020,1025,Unknown,-1,204
1025,1030,Unknown,-1,205
1030,1035,Unknown,-1,206
1035,1040,Unknown,-1,207
1040,1045,Unknown,-1,208
1045,1050,Unknown,-1,209
1050,1055,Unknown,-1,210
1055,1060,Unknown,-1,211
1060,1065,Unknown,-1,212
1065,1070,Unknown,-1,213
1070,1075,Unknown,-1,214
1075,1080,Unknown,-1,215
1080,1085,Unknown,-1,216
1085,1090,Unknown,-1,217
1090,1095,Unknown,-1,218
1095,1100,Unknown,-1,219
1100,1105,Unknown,-1,220
1105,1110,Unknown,-1,221
1110,1115,Unknown,-1,222
1115,1120,Unknown,-1,223
1120,1125,Unknown,-1,224
1125,1130,Unknown,-1,225
1130,1135,Unknown,-1,226
1135,1140,Unknown,-1,227
1140,1145,Unknown,-1,228
1145,1150,Unknown,-1,229
1150,1155,Unknown,-1,230
1155,1160,Unknown,-1,231
1160,1165,Unknown,-1,232
1165,1170,Unknown,-1,233
1170,1175,Unknown,-1,234
1175,1180,Unknown,-1,235
1180,1185,Unknown,-1,236
1185,1190,Unknown,-1,237
1190,1195,Unknown,-1,238
1195,1200,Unknown,-1,239
1200,1205,Unknown,-1,240
1205,1210,Unknown,-1,241
1210,1215,Unknown,-1,242
1215,1220,Unknown,-1,243
1220,1225,Unknown,-1,244
1225,1230,Unknown,-1,245
1230,1235,Unknown,-1,246
1235,1240,Unknown,-1,247
1240,1245,Unknown,-1,248
1245,1250,Unknown,-1,249
1250,1255,Unknown,-1,250
1255,1260,Unknown,-1,251
1260,1265,Unknown,-1,252
1265,1270,Unknown,-1,253
1270,1275,Unknown,-1,254
1275,1280,Unknown,-1,255
1280,1285,Unknown,-1,256
1285,1290,Unknown,-1,257
1290,1295,Unknown,-1,258
1295,1300,Unknown,-1,259
1300,1305,Unknown,-1,260
1305,1310,Unknown,-1,261
1310,1315,Unknown,-1,262
1315,1320,Unknown,-1,263
1320,1325,Unknown,-1,264
1325,1330,Unknown,-1,265
1330,1335,Unknown,-1,266
1335,1340,Unknown,-1,267
1340,1345,Unknown,-1,268
1345,1350,Unknown,-1,269
1350,1355,Unknown,-1,270
1355,1360,Unknown,-1,271
1360,1365,Unknown,-1,272
1365,1370,Unknown,-1,273
1370,1375,Unknown,-1,274
1375,1380,Unknown,-1,275
1380,1385,Unknown,-1,276
1385,1390,Unknown,-1,277
1390,1395,Unknown,-1,278
1395,1400,Unknown,-1,279
1400,1405,Unknown,-1,280
1405,1410,Unknown,-1,281
1410,1415,Unknown,-1,282
1415,1420,Unknown,-1,283
1420,1425,Unknown,-1,284
1425,1430,Unknown,-1,285
1430,1435,Unknown,-1,286
1435,1440,Unknown,-1,287
1440,1445,Unknown,-1,288
1445,1450,Unknown,-1,289
1450,1455,Unknown,-1,290
1455,1460,Unknown,-1,291
1460,1465,Unknown,-1,292
1465,1470,Unknown,-1,293
1470,1475,Unknown,-1,294
1475,1480,Unknown,-1,295
1480,1485,Unknown,-1,296
1485,1490,Unknown,-1,297
1490,1495,Unknown,-1,298
1495,1500,Unknown,-1,299
1500,1505,Unknown,-1,300
1505,1510,Unknown,-1,301
1510,1515,Unknown,-1,302
1515,1520,Unknown,-1,303
1520,1525,Unknown,-1,304
1525,1530,Unknown,-1,305
1530,1535,Unknown,-1,306
1535,1540,Unknown,-1,307
1540,1545,Unknown,-1,308
1545,1550,Unknown,-1,309
1550,1555,Unknown,-1,310
1555,1560,Unknown,-1,311
1560,1565,Unknown,-1,312
1565,1570,Unknown,-1,313
1570,1575,Unknown,-1,314
1575,1580,Unknown,-1,315
1580,1585,Unknown,-1,316
1585,1590,Unknown,-1,317
1590,1595,Unknown,-1,318
1595,1600,Unknown,-1,319
1600,1605,Unknown,-1,320
1605,1610,Unknown,-1,321
1610,1615,Unknown,-1,322
1615,1620,Unknown,-1,323
1620,1625,Unknown,-1,324
1625,1630,Unknown,-1,325
1630,1635,Unknown,-1,326
1635,1640,Unknown,-1,327
1640,1645,Unknown,-1,328
1645,1650,Unknown,-1,329
1650,1655,Unknown,-1,330
1655,1660,Unknown,-1,331
1660,1665,Unknown,-1,332
1665,1670,Unknown,-1,333
1670,1675,Unknown,-1,334
1675,1680,Unknown,-1,335
1680,1685,Unknown,-1,336
1685,1690,Unknown,-1,337
1690,1695,Unknown,-1,338
1695,1700,Unknown,-1,339
1700,1705,Unknown,-1,340
1705,1710,Unknown,-1,341
1710,1715,Unknown,-1,342
1715,1720,Unknown,-1,343
1720,1725,Unknown,-1,344
1725,1730,Unknown,-1,345
1730,1735,Unknown,-1,346
1735,1740,Unknown,-1,347
1740,1745,Unknown,-1,348
1745,1750,Unknown,-1,349
1750,1755,Unknown,-1,350
1755,1760,Unknown,-1,351
1760,1765,Unknown,-1,352
1765,1770,Unknown,-1,353
1770,1775,Unknown,-1,354
1775,1780,Unknown,-1,355
1780,1785,Unknown,-1,356
1785,1790,Unknown,-1,357
1790,1795,Unknown,-1,358
1795,1800,Unknown,-1,359
1800,1805,Unknown,-1,360
1805,1810,Unknown,-1,361
1810,1815,Unknown,-1,362
1815,1820,Unknown,-1,363
1820,1825,Unknown,-1,364
1825,1830,Unknown,-1,365
1830,1835,Unknown,-1,366
1835,1840,Unknown,-1,367
1840,1845,Unknown,-1,368
1845,1850,Unknown,-1,369
1850,1855,Unknown,-1,370
1855,1860,Unknown,-1,371
1860,1865,Unknown,-1,372
1865,1870,Unknown,-1,373
1870,1875,Unknown,-1,374
1875,1880,Unknown,-1,375
1880,1885,Unknown,-1,376
1885,1890,Unknown,-1,377
1890,1895,Unknown,-1,378
1895,1900,Unknown,-1,379
1900,1905,Unknown,-1,380
1905,1910,Unknown,-1,381
1910,1915,Unknown,-1,382
1915,1920,Unknown,-1,383
1920,1925,Unknown,-1,384
1925,1930,Unknown,-1,385
1930,1935,Unknown,-1,386
1935,1940,Unknown,-1,387
1940,1945,Unknown,-1,388
1945,1950,Unknown,-1,389
1950,1955,Unknown,-1,390
1955,1960,Unknown,-1,391
1960,1965,Unknown,-1,392
1965,1970,Unknown,-1,393
1970,1975,Unknown,-1,394
1975,1980,Unknown,-1,395
1980,1985,Unknown,-1,396
1985,1990,Unknown,-1,397
1990,1995,Unknown,-1,398
1995,2000,Unknown,-1,399
2000,2005,Unknown,-1,400
2005,2010,Unknown,-1,401
2010,2015,Stage 2,2,402
2015,2020,Wake,0,403
2020,2025,Stage 3,3,404
2025,2030,Stage 1,1,405
2030,2035,Stage 2,2,406
2035,2040,Wake,0,407
2040,2045,Wake,0,408
2045,2050,Stage 2,2,409
2050,2055,Stage 2,2,410
2055,2060,Wake,0,411
2060,2065,Stage 2,2,412
2065,2070,Wake,0,413
2070,2075,Stage 1,1,414
2075,2080,Wake,0,415
2080,2085,Stage 1,1,416
2085,2090,Stage 1,1,417
2090,2095,REM,4,418
2095,2100,Wake,0,419
2100,2105,Wake,0,420
2105,2110,Stage 1,1,421
2110,2115,Stage 1,1,422
2115,2120,Wake,0,423
2120,2125,Wake,0,424
2125,2130,Wake,0,425
2130,2135,Stage 3,3,426
2135,2140,Stage 3,3,427
2140,2145,REM,4,428
2145,2150,Stage 1,1,429
2150,2155,Stage 2,2,430
2155,2160,Stage 1,1,431
2160,2165,REM,4,432
2165,2170,REM,4,433
2170,2175,Stage 3,3,434
2175,2180,REM,4,435
2180,2185,REM,4,436
2185,2190,Wake,0,437
2190,2195,REM,4,438
2195,2200,Stage 2,2,439
2200,2205,REM,4,440
2205,2210,Wake,0,441
2210,2215,Wake,0,442
2215,2220,Stage 3,3,443
2220,2225,REM,4,444
2225,2230,Wake,0,445
2230,2235,REM,4,446
2235,2240,Stage 3,3,447
2240,2245,Stage 2,2,448
2245,2250,REM,4,449
2250,2255,Wake,0,450
2255,2260,Stage 2,2,451
2260,2265,Wake,0,452
2265,2270,Stage 3,3,453
2270,2275,Stage 3,3,454
2275,2280,Stage 2,2,455
2280,2285,Stage 2,2,456
2285,2290,Stage 3,3,457
2290,2295,Stage 1,1,458
2295,2300,Stage 1,1,459
2300,2305,Wake,0,460
2305,2310,Stage 2,2,461
2310,2315,REM,4,462
2315,2320,Wake,0,463
2320,2325,Stage 1,1,464
2325,2330,Wake,0,465
2330,2335,Stage 3,3,466
2335,2340,Wake,0,467
2340,2345,Stage 3,3,468
2345,2350,Wake,0,469
2350,2355,Wake,0,470
2355,2360,Stage 1,1,471
2360,2365,Stage 1,1,472
2365,2370,Stage 3,3,473
2370,2375,REM,4,474
2375,2380,REM,4,475
2380,2385,Stage 3,3,476
2385,2390,Stage 3,3,477
2390,2395,Stage 1,1,478
2395,2400,Wake,0,479
2400,2405,Stage 2,2,480
2405,2410,Wake,0,481
2410,2415,Wake,0,482
2415,2420,Stage 3,3,483
2420,2425,Wake,0,484
2425,2430,Stage 1,1,485
2430,2435,REM,4,486
2435,2440,Stage 2,2,487
2440,2445,Stage 1,1,488
2445,2450,Stage 3,3,489
2450,2455,Stage 1,1,490
2455,2460,Stage 3,3,491
2460,2465,Wake,0,492
2465,2470,Stage 3,3,493
2470,2475,Wake,0,494
2475,2480,REM,4,495
2480,2485,REM,4,496
2485,2490,Wake,0,497
2490,2495,REM,4,498
2495,2500,Stage 2,2,499
2500,2505,Stage 1,1,500
2505,2510,REM,4,501
2510,2515,Stage 2,2,502
2515,2520,Stage 1,1,503
2520,2525,REM,4,504
2525,2530,REM,4,505
2530,2535,Wake,0,506
2535,2540,REM,4,507
2540,2545,Wake,0,508
2545,2550,Stage 3,3,509
2550,2555,Stage 2,2,510
2555,2560,Stage 2,2,511
2560,2565,Stage 1,1,512
2565,2570,REM,4,513
2570,2575,REM,4,514
2575,2580,Stage 2,2,515
2580,2585,Stage 2,2,516
2585,2590,Wake,0,517
2590,2595,Stage 3,3,518
2595,2600,REM,4,519
2600,2605,Stage 1,1,520
2605,2610,Stage 3,3,521
2610,2615,Stage 2,2,522
2615,2620,Stage 1,1,523
2620,2625,Stage 1,1,524
2625,2630,Stage 1,1,525
2630,2635,Stage 1,1,526
2635,2640,Stage 1,1,527
2640,2645,REM,4,528
2645,2650,Stage 1,1,529
2650,2655,Stage 3,3,530
2655,2660,Stage 2,2,531
2660,2665,Stage 2,2,532
2665,2670,Stage 2,2,533
2670,2675,Stage 1,1,534
2675,2680,Stage 2,2,535
2680,2685,REM,4,536
2685,2690,REM,4,537
2690,2695,REM,4,538
2695,2700,REM,4,539
2700,2705,REM,4,540
2705,2710,Stage 2,2,541
2710,2715,Stage 1,1,542
2715,2720,Wake,0,543
2720,2725,REM,4,544
2725,2730,Stage 1,1,545
2730,2735,Stage 1,1,546
2735,2740,Wake,0,547
2740,2745,Stage 2,2,548
2745,2750,Wake,0,549
2750,2755,Stage 1,1,550
2755,2760,Stage 2,2,551
2760,2765,Wake,0,552
2765,2770,Stage 3,3,553
2770,2775,Stage 1,1,554
2775,2780,Stage 3,3,555
2780,2785,REM,4,556
2785,2790,Stage 3,3,557
2790,2795,Wake,0,558
2795,2800,Stage 3,3,559
2800,2805,REM,4,560
2805,2810,Stage 1,1,561
2810,2815,Stage 3,3,562
2815,2820,Stage 3,3,563
2820,2825,Stage 1,1,564
2825,2830,Stage 2,2,565
2830,2835,REM,4,566
2835,2840,Stage 3,3,567
2840,2845,Stage 2,2,568
2845,2850,Stage 3,3,569
2850,2855,Stage 1,1,570
2855,2860,Stage 2,2,571
2860,2865,Stage 1,1,572
2865,2870,Stage 3,3,573
2870,2875,Wake,0,574
2875,2880,Stage 3,3,575
2880,2885,Stage 2,2,576
2885,2890,REM,4,577
2890,2895,REM,4,578
2895,2900,Stage 2,2,579
2900,2905,REM,4,580
2905,2910,REM,4,581
2910,2915,Stage 2,2,582
2915,2920,REM,4,583
2920,2925,REM,4,584
2925,2930,REM,4,585
2930,2935,REM,4,586
2935,2940,Stage 2,2,587
2940,2945,Wake,0,588
2945,2950,REM,4,589
2950,2955,Stage 2,2,590
2955,2960,Stage 1,1,591
2960,2965,Stage 3,3,592
2965,2970,Wake,0,593
2970,2975,Wake,0,594
2975,2980,Stage 1,1,595
2980,2985,Stage 3,3,596
2985,2990,Stage 1,1,597
2990,2995,Stage 2,2,598
2995,3000,Wake,0,599
3000,3005,Stage 3,3,600
3005,3010,Stage 3,3,601
3010,3015,Stage 1,1,602
3015,3020,Stage 3,3,603
3020,3025,Stage 2,2,604
3025,3030,Stage 1,1,605
3030,3035,Stage 3,3,606
3035,3040,Stage 3,3,607
3040,3045,REM,4,608
3045,3050,Stage 1,1,609
3050,3055,Wake,0,610
3055,3060,Stage 2,2,611
3060,3065,Stage 3,3,612
3065,3070,REM,4,613
3070,3075,Stage 3,3,614
3075,3080,Stage 2,2,615
3080,3085,Stage 3,3,616
3085,3090,Wake,0,617
3090,3095,Stage 1,1,618
3095,3100,Stage 2,2,619
3100,3105,Wake,0,620
3105,3110,REM,4,621
3110,3115,Wake,0,622
3115,3120,Wake,0,623
3120,3125,Wake,0,624
3125,3130,Stage 2,2,625
3130,3135,Stage 3,3,626
3135,3140,Wake,0,627
3140,3145,REM,4,628
3145,3150,Stage 1,1,629
3150,3155,Stage 2,2,630
3155,3160,Stage 3,3,631
3160,3165,REM,4,632
3165,3170,Wake,0,633
3170,3175,REM,4,634
3175,3180,Stage 1,1,635
3180,3185,REM,4,636
3185,3190,Stage 3,3,637
3190,3195,Wake,0,638
3195,3200,Stage 2,2,639
3200,3205,Stage 1,1,640
3205,3210,REM,4,641
3210,3215,Stage 3,3,642
3215,3220,Stage 3,3,643
3220,3225,REM,4,644
3225,3230,Stage 2,2,645
3230,3235,Stage 1,1,646
3235,3240,Stage 3,3,647
3240,3245,REM,4,648
3245,3250,Stage 2,2,649
3250,3255,Stage 1,1,650
3255,3260,REM,4,651
3260,3265,Stage 2,2,652
3265,3270,Stage 2,2,653
3270,3275,Stage 2,2,654
3275,3280,Wake,0,655
3280,3285,Stage 2,2,656
3285,3290,Stage 2,2,657
3290,3295,REM,4,658
3295,3300,Stage 1,1,659
3300,3305,Stage 3,3,660
3305,3310,REM,4,661
3310,3315,Stage 3,3,662
3315,3320,REM,4,663
3320,3325,Stage 3,3,664
3325,3330,Wake,0,665
3330,3335,REM,4,666
3335,3340,Wake,0,667
3340,3345,Stage 1,1,668
3345,3350,Stage 3,3,669
3350,3355,Stage 2,2,670
3355,3360,Stage 3,3,671
3360,3365,Stage 1,1,672
3365,3370,Stage 1,1,673
3370,3375,Stage 1,1,674
3375,3380,Stage 3,3,675
3380,3385,Wake,0,676
3385,3390,REM,4,677
3390,3395,Stage 1,1,678
3395,3400,REM,4,679
3400,3405,Stage 2,2,680
3405,3410,Stage 1,1,681
3410,3415,REM,4,682
3415,3420,Wake,0,683
3420,3425,REM,4,684
3425,3430,Stage 2,2,685
3430,3435,Wake,0,686
3435,3440,Stage 3,3,687
3440,3445,REM,4,688
3445,3450,Stage 2,2,689
3450,3455,Stage 1,1,690
3455,3460,REM,4,691
3460,3465,Wake,0,692
3465,3470,Stage 2,2,693
3470,3475,Wake,0,694
3475,3480,Stage 2,2,695
3480,3485,Wake,0,696
3485,3490,Stage 3,3,697
3490,3495,Stage 1,1,698
3495,3500,Stage 1,1,699
3500,3505,Wake,0,700
3505,3510,Stage 1,1,701
3510,3515,Stage 2,2,702
3515,3520,Stage 2,2,703
3520,3525,Stage 1,1,704
3525,3530,Stage 2,2,705
3530,3535,Stage 1,1,706
3535,3540,Stage 1,1,707
3540,3545,Stage 1,1,708
3545,3550,Wake,0,709
3550,3555,Wake,0,710
3555,3560,Stage 3,3,711
3560,3565,Stage 3,3,712
3565,3570,Wake,0,713
3570,3575,REM,4,714
3575,3580,REM,4,715
3580,3585,Stage 3,3,716
3585,3590,Wake,0,717
3590,3595,REM,4,718
3595,3600,Stage 2,2,719
3600,3605,Wake,0,720
3605,3610,Stage 3,3,721
3610,3615,Stage 2,2,722
3615,3620,REM,4,723
3620,3625,Wake,0,724
3625,3630,REM,4,725
3630,3635,Stage 3,3,726
3635,3640,Wake,0,727
3640,3645,REM,4,728
3645,3650,REM,4,729
3650,3655,Stage 1,1,730
3655,3660,Stage 1,1,731
3660,3665,Stage 2,2,732
3665,3670,Wake,0,733
3670,3675,Wake,0,734
3675,3680,REM,4,735
3680,3685,Stage 1,1,736
3685,3690,Wake,0,737
3690,3695,Stage 3,3,738
3695,3700,Stage 1,1,739
3700,3705,Stage 2,2,740
3705,3710,Stage 1,1,741
3710,3715,Wake,0,742
3715,3720,Stage 2,2,743
3720,3725,Stage 2,2,744
3725,3730,Stage 1,1,745
3730,3735,Wake,0,746
3735,3740,Stage 2,2,747
3740,3745,Stage 3,3,748
3745,3750,Stage 1,1,749
3750,3755,Wake,0,750
3755,3760,REM,4,751
3760,3765,REM,4,752
3765,3770,REM,4,753
3770,3775,Wake,0,754
3775,3780,REM,4,755
3780,3785,REM,4,756
3785,3790,Stage 2,2,757
3790,3795,REM,4,758
3795,3800,Stage 2,2,759
3800,3805,Stage 1,1,760
3805,3810,Wake,0,761
3810,3815,Stage 1,1,762
3815,3820,Wake,0,763
3820,3825,Stage 1,1,764
3825,3830,Stage 2,2,765
3830,3835,Stage 2,2,766
3835,3840,Wake,0,767
3840,3845,Stage 2,2,768
3845,3850,Stage 2,2,769
3850,3855,Stage 1,1,770
3855,3860,REM,4,771
3860,3865,Stage 3,3,772
3865,3870,REM,4,773
3870,3875,Stage 2,2,774
3875,3880,Stage 1,1,775
3880,3885,Stage 3,3,776
3885,3890,Stage 3,3,777
3890,3895,REM,4,778
3895,3900,Stage 3,3,779
3900,3905,Stage 3,3,780
3905,3910,REM,4,781
3910,3915,Wake,0,782
3915,3920,REM,4,783
3920,3925,Wake,0,784
3925,3930,Stage 1,1,785
3930,3935,Stage 2,2,786
3935,3940,Stage 2,2,787
3940,3945,Stage 2,2,788
3945,3950,Wake,0,789
3950,3955,Wake,0,790
3955,3960,Stage 1,1,791
3960,3965,Stage 1,1,792
3965,3970,Stage 1,1,793
3970,3975,Wake,0,794
3975,3980,Stage 3,3,795
3980,3985,Stage 3,3,796
3985,3990,Wake,0,797
3990,3995,Stage 3,3,798
3995,4000,Stage 2,2,799
4000,4005,REM,4,800
4005,4010,Wake,0,801
4010,4015,Stage 1,1,802
4015,4020,Stage 3,3,803
4020,4025,REM,4,804
4025,4030,Stage 3,3,805
4030,4035,Stage 2,2,806
4035,4040,Stage 3,3,807
4040,4045,Stage 3,3,808
4045,4050,REM,4,809
4050,4055,Stage 1,1,810
4055,4060,Stage 1,1,811
4060,4065,REM,4,812
4065,4070,Stage 2,2,813
4070,4075,Stage 1,1,814
4075,4080,Stage 1,1,815
4080,4085,Stage 1,1,816
4085,4090,Stage 1,1,817
4090,4095,Wake,0,818
4095,4100,Stage 2,2,819
4100,4105,REM,4,820
4105,4110,Stage 1,1,821
4110,4115,Stage 3,3,822
4115,4120,Stage 2,2,823
4120,4125,Stage 1,1,824
4125,4130,REM,4,825
4130,4135,REM,4,826
4135,4140,REM,4,827
4140,4145,Wake,0,828
4145,4150,Stage 1,1,829
4150,4155,Stage 3,3,830
4155,4160,Wake,0,831
4160,4165,Stage 2,2,832
4165,4170,Stage 1,1,833
4170,4175,Stage 2,2,834
4175,4180,REM,4,835
4180,4185,REM,4,836
4185,4190,Stage 2,2,837
4190,4195,REM,4,838
4195,4200,Wake,0,839
4200,4205,Stage 2,2,840
4205,4210,Stage 2,2,841
4210,4215,Stage 1,1,842
4215,4220,Stage 3,3,843
4220,4225,Stage 2,2,844
4225,4230,Wake,0,845
4230,4235,REM,4,846
4235,4240,Wake,0,847
4240,4245,Stage 3,3,848
4245,4250,REM,4,849
4250,4255,Stage 1,1,850
4255,4260,REM,4,851
4260,4265,Wake,0,852
4265,4270,Wake,0,853
4270,4275,Stage 2,2,854
4275,4280,Stage 1,1,855
4280,4285,Stage 1,1,856
4285,4290,Stage 2,2,857
4290,4295,Stage 1,1,858
4295,4300,Wake,0,859
4300,4305,Stage 3,3,860
4305,4310,Stage 1,1,861
4310,4315,Wake,0,862
4315,4320,Stage 1,1,863
4320,4325,REM,4,864
4325,4330,Stage 1,1,865
4330,4335,Stage 1,1,866
4335,4340,Stage 2,2,867
4340,4345,Stage 2,2,868
4345,4350,Stage 1,1,869
4350,4355,Wake,0,870
4355,4360,Stage 1,1,871
4360,4365,Stage 1,1,872
4365,4370,Wake,0,873
4370,4375,Stage 1,1,874
4375,4380,Stage 2,2,875
4380,4385,Stage 2,2,876
4385,4390,REM,4,877
4390,4395,Stage 2,2,878
4395,4400,Wake,0,879
4400,4405,REM,4,880
4405,4410,Stage 3,3,881
4410,4415,Stage 1,1,882
4415,4420,Stage 1,1,883
4420,4425,Wake,0,884
4425,4430,Stage 2,2,885
4430,4435,Stage 2,2,886
4435,4440,Stage 3,3,887
4440,4445,Stage 2,2,888
4445,4450,Wake,0,889
4450,4455,Wake,0,890
4455,4460,Wake,0,891
4460,4465,REM,4,892
4465,4470,Stage 3,3,893
4470,4475,Stage 1,1,894
4475,4480,Stage 2,2,895
4480,4485,Stage 1,1,896
4485,4490,Stage 2,2,897
4490,4495,Stage 2,2,898
4495,4500,REM,4,899
4500,4505,Stage 3,3,900
4505,4510,Stage 2,2,901
4510,4515,Stage 1,1,902
4515,4520,REM,4,903
4520,4525,REM,4,904
4525,4530,Stage 3,3,905
4530,4535,Stage 2,2,906
4535,4540,REM,4,907
4540,4545,Stage 3,3,908
4545,4550,Wake,0,909
4550,4555,Stage 1,1,910
4555,4560,REM,4,911
4560,4565,Stage 3,3,912
4565,4570,Stage 1,1,913
4570,4575,Wake,0,914
4575,4580,Stage 2,2,915
4580,4585,REM,4,916
4585,4590,Wake,0,917
4590,4595,Stage 2,2,918
4595,4600,Wake,0,919
4600,4605,REM,4,920
4605,4610,Wake,0,921
4610,4615,REM,4,922
4615,4620,Wake,0,923
4620,4625,REM,4,924
4625,4630,Wake,0,925
4630,4635,Stage 3,3,926
4635,4640,Stage 1,1,927
4640,4645,Wake,0,928
4645,4650,REM,4,929
4650,4655,Stage 2,2,930
4655,4660,Stage 2,2,931
4660,4665,Stage 1,1,932
4665,4670,Stage 3,3,933
4670,4675,Wake,0,934
4675,4680,Stage 1,1,935
4680,4685,Stage 3,3,936
4685,4690,Stage 3,3,937
4690,4695,Stage 3,3,938
4695,4700,Stage 1,1,939
4700,4705,Stage 2,2,940
4705,4710,Stage 1,1,941
4710,4715,Stage 1,1,942
4715,4720,REM,4,943
4720,4725,Stage 2,2,944
4725,4730,Wake,0,945
4730,4735,Wake,0,946
4735,4740,Stage 3,3,947
4740,4745,REM,4,948
4745,4750,Stage 2,2,949
4750,4755,REM,4,950
4755,4760,Stage 2,2,951
4760,4765,Stage 2,2,952
4765,4770,REM,4,953
4770,4775,Wake,0,954
4775,4780,Stage 2,2,955
4780,4785,Wake,0,956
4785,4790,Stage 1,1,957
4790,4795,Stage 3,3,958
4795,4800,Stage 3,3,959
4800,4805,Stage 1,1,960
4805,4810,Stage 1,1,961
4810,4815,Stage 2,2,962
4815,4820,Stage 1,1,963
4820,4825,Stage 1,1,964
4825,4830,Stage 2,2,965
4830,4835,Stage 1,1,966
4835,4840,Stage 1,1,967
4840,4845,Wake,0,968
4845,4850,Stage 3,3,969
4850,4855,Wake,0,970
4855,4860,Stage 1,1,971
4860,4865,Stage 3,3,972
4865,4870,REM,4,973
4870,4875,Stage 3,3,974
4875,4880,Wake,0,975
4880,4885,Wake,0,976
4885,4890,Stage 2,2,977
4890,4895,Stage 3,3,978
4895,4900,Stage 1,1,979
4900,4905,Stage 1,1,980
4905,4910,Stage 3,3,981
4910,4915,REM,4,982
4915,4920,Stage 1,1,983
4920,4925,Stage 1,1,984
4925,4930,Stage 2,2,985
4930,4935,REM,4,986
4935,4940,Stage 3,3,987
4940,4945,Wake,0,988
4945,4950,Stage 3,3,989
4950,4955,Stage 1,1,990
4955,4960,Stage 2,2,991
4960,4965,Stage 2,2,992
4965,4970,Wake,0,993
4970,4975,Stage 2,2,994
4975,4980,REM,4,995
4980,4985,REM,4,996
4985,4990,Stage 2,2,997
4990,4995,Stage 3,3,998
4995,5000,REM,4,999
5000,5005,REM,4,1000
5005,5010,Wake,0,1001
5010,5015,Stage 2,2,1002
5015,5020,Stage 1,1,1003
5020,5025,Wake,0,1004
5025,5030,REM,4,1005
5030,5035,REM,4,1006
5035,5040,Stage 3,3,1007
5040,5045,Stage 3,3,1008
5045,5050,Stage 3,3,1009
5050,5055,Stage 2,2,1010
5055,5060,REM,4,1011
5060,5065,Stage 2,2,1012
5065,5070,REM,4,1013
5070,5075,Stage 1,1,1014
5075,5080,Stage 3,3,1015
5080,5085,Wake,0,1016
5085,5090,REM,4,1017
5090,5095,Wake,0,1018
5095,5100,Stage 3,3,1019
5100,5105,REM,4,1020
5105,5110,Stage 1,1,1021
5110,5115,Stage 1,1,1022
5115,5120,REM,4,1023
5120,5125,REM,4,1024
5125,5130,Stage 3,3,1025
5130,5135,Wake,0,1026
5135,5140,Stage 1,1,1027
5140,5145,REM,4,1028
5145,5150,Stage 1,1,1029
5150,5155,Stage 3,3,1030
5155,5160,Stage 2,2,1031
5160,5165,Stage 1,1,1032
5165,5170,Wake,0,1033
5170,5175,Stage 3,3,1034
5175,5180,Stage 1,1,1035
5180,5185,Stage 3,3,1036
5185,5190,Stage 1,1,1037
5190,5195,Stage 1,1,1038
5195,5200,Stage 1,1,1039
5200,5205,Stage 1,1,1040
5205,5210,Stage 1,1,1041
5210,5215,Stage 3,3,1042
5215,5220,Stage 3,3,1043
5220,5225,REM,4,1044
5225,5230,Wake,0,1045
5230,5235,Stage 3,3,1046
5235,5240,Wake,0,1047
5240,5245,Stage 1,1,1048
5245,5250,Stage 2,2,1049
5250,5255,REM,4,1050
5255,5260,Stage 1,1,1051
5260,5265,Stage 1,1,1052
5265,5270,Stage 3,3,1053
5270,5275,Stage 2,2,1054
5275,5280,Stage 1,1,1055
5280,5285,REM,4,1056
5285,5290,REM,4,1057
5290,5295,Stage 1,1,1058
5295,5300,Stage 1,1,1059
5300,5305,REM,4,1060
5305,5310,Wake,0,1061
5310,5315,Wake,0,1062
5315,5320,Stage 1,1,1063
5320,5325,Stage 2,2,1064
5325,5330,REM,4,1065
5330,5335,Stage 3,3,1066
5335,5340,Wake,0,1067
5340,5345,Stage 1,1,1068
5345,5350,REM,4,1069
5350,5355,Wake,0,1070
5355,5360,Stage 3,3,1071
5360,5365,Wake,0,1072
5365,5370,Wake,0,1073
5370,5375,Stage 1,1,1074
5375,5380,Stage 1,1,1075
5380,5385,REM,4,1076
5385,5390,Wake,0,1077
5390,5395,REM,4,1078
5395,5400,Stage 2,2,1079
5400,5405,Stage 3,3,1080
5405,5410,Stage 2,2,1081
5410,5415,REM,4,1082
5415,5420,REM,4,1083
5420,5425,Stage 1,1,1084
5425,5430,Wake,0,1085
5430,5435,Stage 2,2,1086
5435,5440,REM,4,1087
5440,5445,Stage 3,3,1088
5445,5450,Stage 2,2,1089
5450,5455,REM,4,1090
5455,5460,Stage 1,1,1091
5460,5465,Stage 1,1,1092
5465,5470,Wake,0,1093
5470,5475,Stage 3,3,1094
5475,5480,REM,4,1095
5480,5485,Stage 1,1,1096
5485,5490,Stage 1,1,1097
5490,5495,Stage 2,2,1098
5495,5500,REM,4,1099
5500,5505,REM,4,1100
5505,5510,Stage 3,3,1101
5510,5515,REM,4,1102
5515,5520,Stage 1,1,1103
5520,5525,REM,4,1104
5525,5530,Stage 1,1,1105
5530,5535,Stage 3,3,1106
5535,5540,REM,4,1107
5540,5545,Stage 1,1,1108
5545,5550,Wake,0,1109
5550,5555,Wake,0,1110
5555,5560,Stage 2,2,1111
5560,5565,Wake,0,1112
5565,5570,Stage 1,1,1113
5570,5575,Wake,0,1114
5575,5580,Stage 3,3,1115
5580,5585,Stage 3,3,1116
5585,5590,Stage 2,2,1117
5590,5595,Stage 3,3,1118
5595,5600,Wake,0,1119
5600,5605,Stage 2,2,1120
5605,5610,REM,4,1121
5610,5615,Wake,0,1122
5615,5620,Stage 2,2,1123
5620,5625,Wake,0,1124
5625,5630,Stage 1,1,1125
5630,5635,Stage 3,3,1126
5635,5640,Stage 3,3,1127
5640,5645,Stage 2,2,1128
5645,5650,Stage 3,3,1129
5650,5655,Wake,0,1130
5655,5660,Stage 2,2,1131
5660,5665,Wake,0,1132
5665,5670,Stage 3,3,1133
5670,5675,Stage 2,2,1134
5675,5680,Wake,0,1135
5680,5685,Stage 2,2,1136
5685,5690,Stage 1,1,1137
5690,5695,Stage 2,2,1138
5695,5700,Stage 1,1,1139
5700,5705,Wake,0,1140
5705,5710,Stage 2,2,1141
5710,5715,Stage 2,2,1142
5715,5720,Stage 3,3,1143
5720,5725,Wake,0,1144
5725,5730,Stage 1,1,1145
5730,5735,Stage 2,2,1146
5735,5740,REM,4,1147
5740,5745,Stage 2,2,1148
5745,5750,Wake,0,1149
5750,5755,Stage 3,3,1150
5755,5760,Stage 3,3,1151
5760,5765,Stage 1,1,1152
5765,5770,REM,4,1153
5770,5775,Stage 2,2,1154
5775,5780,Stage 1,1,1155
5780,5785,Stage 3,3,1156
5785,5790,Wake,0,1157
5790,5795,Wake,0,1158
5795,5800,Wake,0,1159
5800,5805,Stage 2,2,1160
5805,5810,Stage 3,3,1161
5810,5815,REM,4,1162
5815,5820,Stage 1,1,1163
5820,5825,Stage 3,3,1164
5825,5830,REM,4,1165
5830,5835,REM,4,1166
5835,5840,Stage 1,1,1167
5840,5845,REM,4,1168
5845,5850,Stage 3,3,1169
5850,5855,Wake,0,1170
5855,5860,Stage 3,3,1171
5860,5865,Stage 2,2,1172
5865,5870,Stage 2,2,1173
5870,5875,Stage 1,1,1174
5875,5880,REM,4,1175
5880,5885,REM,4,1176
5885,5890,Wake,0,1177
5890,5895,Stage 1,1,1178
5895,5900,REM,4,1179
5900,5905,Stage 1,1,1180
5905,5910,Stage 3,3,1181
5910,5915,Stage 2,2,1182
5915,5920,Wake,0,1183
5920,5925,Stage 1,1,1184
5925,5930,Stage 3,3,1185
5930,5935,REM,4,1186
5935,5940,Stage 1,1,1187
5940,5945,Wake,0,1188
5945,5950,Stage 2,2,1189
5950,5955,Stage 2,2,1190
5955,5960,Stage 2,2,1191
5960,5965,Stage 2,2,1192
5965,5970,Stage 1,1,1193
5970,5975,Stage 1,1,1194
5975,5980,REM,4,1195
5980,5985,Stage 1,1,1196
5985,5990,REM,4,1197
5990,5995,Stage 1,1,1198
5995,6000,Stage 3,3,1199
6000,6005,Stage 2,2,1200
6005,6010,Wake,0,1201
6010,6015,REM,4,1202
6015,6020,Stage 1,1,1203
6020,6025,REM,4,1204
6025,6030,Stage 1,1,1205
6030,6035,Stage 3,3,1206
6035,6040,Stage 2,2,1207
6040,6045,Wake,0,1208
6045,6050,Stage 2,2,1209
6050,6055,Stage 2,2,1210
6055,6060,Stage 1,1,1211
6060,6065,REM,4,1212
6065,6070,Stage 1,1,1213
6070,6075,Stage 3,3,1214
6075,6080,Stage 1,1,1215
6080,6085,Stage 2,2,1216
6085,6090,Wake,0,1217
6090,6095,REM,4,1218
6095,6100,Stage 1,1,1219
6100,6105,REM,4,1220
6105,6110,Stage 1,1,1221
6110,6115,REM,4,1222
6115,6120,Stage 1,1,1223
6120,6125,REM,4,1224
6125,6130,REM,4,1225
6130,6135,Stage 2,2,1226
6135,6140,REM,4,1227
6140,6145,Stage 1,1,1228
6145,6150,Stage 1,1,1229
6150,6155,Stage 1,1,1230
6155,6160,Wake,0,1231
6160,6165,Stage 3,3,1232
6165,6170,REM,4,1233
6170,6175,Stage 1,1,1234
6175,6180,Stage 1,1,1235
6180,6185,Stage 3,3,1236
6185,6190,Wake,0,1237
6190,6195,Stage 1,1,1238
6195,6200,Stage 2,2,1239
6200,6205,Wake,0,1240
6205,6210,Wake,0,1241
6210,6215,Stage 3,3,1242
6215,6220,Stage 3,3,1243
6220,6225,Stage 2,2,1244
6225,6230,Stage 1,1,1245
6230,6235,Stage 3,3,1246
6235,6240,Stage 2,2,1247
6240,6245,Stage 2,2,1248
6245,6250,REM,4,1249
6250,6255,REM,4,1250
6255,6260,REM,4,1251
6260,6265,Wake,0,1252
6265,6270,Wake,0,1253
6270,6275,Wake,0,1254
6275,6280,Wake,0,1255
6280,6285,Wake,0,1256
6285,6290,Stage 3,3,1257
6290,6295,Wake,0,1258
6295,6300,Stage 1,1,1259
6300,6305,Stage 2,2,1260
6305,6310,Wake,0,1261
6310,6315,Stage 1,1,1262
6315,6320,Stage 2,2,1263
6320,6325,Wake,0,1264
6325,6330,Stage 1,1,1265
6330,6335,REM,4,1266
6335,6340,Wake,0,1267
6340,6345,Stage 1,1,1268
6345,6350,REM,4,1269
6350,6355,REM,4,1270
6355,6360,Stage 1,1,1271
6360,6365,Wake,0,1272
6365,6370,REM,4,1273
6370,6375,Stage 1,1,1274
6375,6380,Wake,0,1275
6380,6385,Stage 3,3,1276
6385,6390,Wake,0,1277
6390,6395,Stage 2,2,1278
6395,6400,REM,4,1279
6400,6405,Stage 1,1,1280
6405,6410,REM,4,1281
6410,6415,REM,4,1282
6415,6420,Wake,0,1283
6420,6425,REM,4,1284
6425,6430,REM,4,1285
6430,6435,REM,4,1286
6435,6440,Stage 2,2,1287
6440,6445,Stage 2,2,1288
6445,6450,Stage 1,1,1289
6450,6455,Stage 1,1,1290
6455,6460,REM,4,1291
6460,6465,Stage 3,3,1292
6465,6470,Stage 3,3,1293
6470,6475,Stage 2,2,1294
6475,6480,Stage 3,3,1295
6480,6485,Stage 1,1,1296
6485,6490,REM,4,1297
6490,6495,REM,4,1298
6495,6500,Stage 1,1,1299
6500,6505,Stage 3,3,1300
6505,6510,Wake,0,1301
6510,6515,REM,4,1302
6515,6520,Stage 2,2,1303
6520,6525,REM,4,1304
6525,6530,Stage 3,3,1305
6530,6535,REM,4,1306
6535,6540,Stage 3,3,1307
6540,6545,REM,4,1308
6545,6550,Stage 3,3,1309
6550,6555,REM,4,1310
6555,6560,Stage 1,1,1311
6560,6565,Wake,0,1312
6565,6570,Stage 2,2,1313
6570,6575,Stage 3,3,1314
6575,6580,Stage 3,3,1315
6580,6585,Stage 2,2,1316
6585,6590,Wake,0,1317
6590,6595,Stage 2,2,1318
6595,6600,REM,4,1319
6600,6605,Stage 3,3,1320
6605,6610,Stage 1,1,1321
6610,6615,Stage 1,1,1322
6615,6620,REM,4,1323
6620,6625,Stage 1,1,1324
6625,6630,REM,4,1325
6630,6635,Stage 3,3,1326
6635,6640,Wake,0,1327
6640,6645,Stage 1,1,1328
6645,6650,Wake,0,1329
6650,6655,Stage 1,1,1330
6655,6660,REM,4,1331
6660,6665,Wake,0,1332
6665,6670,Stage 2,2,1333
6670,6675,REM,4,1334
6675,6680,Stage 1,1,1335
6680,6685,Stage 2,2,1336
6685,6690,REM,4,1337
6690,6695,Stage 3,3,1338
6695,6700,Stage 2,2,1339
6700,6705,Stage 3,3,1340
6705,6710,Stage 1,1,1341
6710,6715,Stage 1,1,1342
6715,6720,Stage 2,2,1343
6720,6725,Wake,0,1344
6725,6730,Stage 2,2,1345
6730,6735,Stage 1,1,1346
6735,6740,Stage 3,3,1347
6740,6745,Stage 2,2,1348
6745,6750,Stage 2,2,1349
6750,6755,Stage 1,1,1350
6755,6760,Wake,0,1351
6760,6765,Wake,0,1352
6765,6770,Stage 3,3,1353
6770,6775,Wake,0,1354
6775,6780,Wake,0,1355
6780,6785,Stage 3,3,1356
6785,6790,Wake,0,1357
6790,6795,Stage 2,2,1358
6795,6800,Stage 1,1,1359
6800,6805,Stage 3,3,1360
6805,6810,Stage 2,2,1361
6810,6815,Stage 1,1,1362
6815,6820,Wake,0,1363
6820,6825,Wake,0,1364
6825,6830,Stage 2,2,1365
6830,6835,REM,4,1366
6835,6840,REM,4,1367
6840,6845,Stage 1,1,1368
6845,6850,Stage 3,3,1369
6850,6855,REM,4,1370
6855,6860,Wake,0,1371
6860,6865,Stage 2,2,1372
6865,6870,Wake,0,1373
6870,6875,Stage 2,2,1374
6875,6880,Wake,0,1375
6880,6885,REM,4,1376
6885,6890,Wake,0,1377
6890,6895,Stage 1,1,1378
6895,6900,Wake,0,1379
6900,6905,Wake,0,1380
6905,6910,Stage 3,3,1381
6910,6915,Stage 3,3,1382
6915,6920,REM,4,1383
6920,6925,Wake,0,1384
6925,6930,REM,4,1385
6930,6935,Stage 3,3,1386
6935,6940,Stage 3,3,1387
6940,6945,Stage 1,1,1388
6945,6950,REM,4,1389
6950,6955,REM,4,1390
6955,6960,Stage 2,2,1391
6960,6965,Stage 2,2,1392
6965,6970,Wake,0,1393
6970,6975,Stage 3,3,1394
6975,6980,Wake,0,1395
6980,6985,Stage 3,3,1396
6985,6990,REM,4,1397
6990,6995,Stage 2,2,1398
6995,7000,Stage 2,2,1399
7000,7005,Stage 1,1,1400
7005,7010,Stage 1,1,1401
7010,7015,Wake,0,1402
7015,7020,Stage 1,1,1403
7020,7025,Stage 2,2,1404
7025,7030,Stage 3,3,1405
7030,7035,REM,4,1406
7035,7040,Stage 1,1,1407
7040,7045,Stage 1,1,1408
7045,7050,REM,4,1409
7050,7055,Stage 2,2,1410
7055,7060,Stage 2,2,1411
7060,7065,Stage 1,1,1412
7065,7070,Stage 3,3,1413
7070,7075,Stage 2,2,1414
7075,7080,Stage 3,3,1415
7080,7085,Stage 1,1,1416
7085,7090,Wake,0,1417
7090,7095,Stage 1,1,1418
7095,7100,Stage 3,3,1419
7100,7105,Stage 1,1,1420
7105,7110,Stage 3,3,1421
7110,7115,REM,4,1422
7115,7120,Stage 1,1,1423
7120,7125,Stage 1,1,1424
7125,7130,REM,4,1425
7130,7135,Stage 3,3,1426
7135,7140,Wake,0,1427
7140,7145,Wake,0,1428
7145,7150,Stage 1,1,1429
7150,7155,REM,4,1430
7155,7160,Wake,0,1431
7160,7165,REM,4,1432
7165,7170,Stage 3,3,1433
7170,7175,REM,4,1434
7175,7180,Wake,0,1435
7180,7185,Stage 2,2,1436
7185,7190,Wake,0,1437
7190,7195,REM,4,1438
7195,7200,Stage 2,2,1439
7200,7205,Wake,0,1440
7205,7210,Stage 3,3,1441
7210,7215,Stage 2,2,1442
7215,7220,Stage 1,1,1443
7220,7225,Stage 2,2,1444
7225,7230,Stage 3,3,1445
7230,7235,Wake,0,1446
7235,7240,Stage 2,2,1447
7240,7245,Stage 3,3,1448
7245,7250,REM,4,1449
7250,7255,REM,4,1450
7255,7260,Stage 2,2,1451
7260,7265,Stage 1,1,1452
7265,7270,Stage 2,2,1453
7270,7275,Stage 3,3,1454
7275,7280,Stage 3,3,1455
7280,7285,Stage 2,2,1456
7285,7290,Stage 2,2,1457
7290,7295,Stage 3,3,1458
7295,7300,Stage 2,2,1459
7300,7305,Wake,0,1460
7305,7310,Stage 3,3,1461
7310,7315,Stage 1,1,1462
7315,7320,Stage 3,3,1463
7320,7325,REM,4,1464
7325,7330,Stage 3,3,1465
7330,7335,Stage 2,2,1466
7335,7340,Stage 3,3,1467
7340,7345,Stage 1,1,1468
7345,7350,Stage 3,3,1469
7350,7355,Stage 3,3,1470
7355,7360,Stage 2,2,1471
7360,7365,Stage 1,1,1472
7365,7370,Stage 1,1,1473
7370,7375,REM,4,1474
7375,7380,Stage 3,3,1475
7380,7385,Stage 3,3,1476
7385,7390,Stage 3,3,1477
7390,7395,Wake,0,1478
7395,7400,Stage 1,1,1479
7400,7405,Stage 2,2,1480
7405,7410,Wake,0,1481
7410,7415,Stage 3,3,1482
7415,7420,Wake,0,1483
7420,7425,Stage 2,2,1484
7425,7430,Stage 2,2,1485
7430,7435,Stage 2,2,1486
7435,7440,Wake,0,1487
7440,7445,Stage 1,1,1488
7445,7450,Stage 3,3,1489
7450,7455,Stage 1,1,1490
7455,7460,Wake,0,1491
7460,7465,REM,4,1492
7465,7470,Stage 1,1,1493
7470,7475,Stage 2,2,1494
7475,7480,Stage 2,2,1495
7480,7485,Stage 2,2,1496
7485,7490,Stage 3,3,1497
7490,7495,Stage 2,2,1498
7495,7500,Stage 1,1,1499
7500,7505,REM,4,1500
7505,7510,Stage 1,1,1501
7510,7515,REM,4,1502
7515,7520,REM,4,1503
7520,7525,Stage 2,2,1504
7525,7530,REM,4,1505
7530,7535,Stage 1,1,1506
7535,7540,REM,4,1507
7540,7545,Stage 1,1,1508
7545,7550,Stage 3,3,1509
7550,7555,Stage 3,3,1510
7555,7560,REM,4,1511
7560,7565,Wake,0,1512
7565,7570,Stage 3,3,1513
7570,7575,Stage 2,2,1514
7575,7580,REM,4,1515
7580,7585,Stage 1,1,1516
7585,7590,Stage 1,1,1517
7590,7595,Wake,0,1518
7595,7600,Stage 2,2,1519
7600,7605,REM,4,1520
7605,7610,Wake,0,1521
7610,7615,Wake,0,1522
7615,7620,Wake,0,1523
7620,7625,Wake,0,1524
7625,7630,Stage 1,1,1525
7630,7635,Stage 2,2,1526
7635,7640,Stage 1,1,1527
7640,7645,Stage 1,1,1528
7645,7650,REM,4,1529
7650,7655,Stage 1,1,1530
7655,7660,REM,4,1531
7660,7665,Stage 3,3,1532
7665,7670,Stage 2,2,1533
7670,7675,REM,4,1534
7675,7680,Wake,0,1535
7680,7685,Stage 1,1,1536
7685,7690,Stage 1,1,1537
7690,7695,Stage 3,3,1538
7695,7700,Stage 1,1,1539
7700,7705,Wake,0,1540
7705,7710,Wake,0,1541
7710,7715,Stage 1,1,1542
7715,7720,Wake,0,1543
7720,7725,Stage 1,1,1544
7725,7730,Stage 1,1,1545
7730,7735,Stage 2,2,1546
7735,7740,Stage 1,1,1547
7740,7745,REM,4,1548
7745,7750,Wake,0,1549
7750,7755,REM,4,1550
7755,7760,Wake,0,1551
7760,7765,Wake,0,1552
7765,7770,Stage 3,3,1553
7770,7775,Stage 2,2,1554
7775,7780,REM,4,1555
7780,7785,REM,4,1556
7785,7790,Stage 2,2,1557
7790,7795,Stage 2,2,1558
7795,7800,Wake,0,1559
7800,7805,Wake,0,1560
7805,7810,REM,4,1561
7810,7815,Stage 2,2,1562
7815,7820,Stage 2,2,1563
7820,7825,Wake,0,1564
7825,7830,REM,4,1565
7830,7835,Wake,0,1566
7835,7840,Stage 2,2,1567
7840,7845,Wake,0,1568
7845,7850,Stage 2,2,1569
7850,7855,Wake,0,1570
7855,7860,Stage 2,2,1571
7860,7865,Wake,0,1572
7865,7870,REM,4,1573
7870,7875,Stage 3,3,1574
7875,7880,Stage 2,2,1575
7880,7885,Wake,0,1576
7885,7890,Wake,0,1577
7890,7895,Stage 3,3,1578
7895,7900,Stage 2,2,1579
7900,7905,Stage 3,3,1580
7905,7910,Stage 3,3,1581
7910,7915,REM,4,1582
7915,7920,REM,4,1583
7920,7925,REM,4,1584
7925,7930,Stage 3,3,1585
7930,7935,Stage 3,3,1586
7935,7940,Stage 3,3,1587
7940,7945,Wake,0,1588
7945,7950,Stage 1,1,1589
7950,7955,REM,4,1590
7955,7960,Stage 1,1,1591
7960,7965,Stage 3,3,1592
7965,7970,Stage 2,2,1593
7970,7975,Stage 3,3,1594
7975,7980,Stage 2,2,1595
7980,7985,Stage 2,2,1596
7985,7990,REM,4,1597
7990,7995,REM,4,1598
7995,8000,Stage 1,1,1599
8000,8005,Stage 2,2,1600
8005,8010,Stage 2,2,1601
8010,8015,Stage 3,3,1602
8015,8020,REM,4,1603
8020,8025,Stage 2,2,1604
8025,8030,REM,4,1605
8030,8035,Stage 1,1,1606
8035,8040,Wake,0,1607
8040,8045,REM,4,1608
8045,8050,Stage 3,3,1609
8050,8055,Stage 3,3,1610
8055,8060,Stage 2,2,1611
8060,8065,REM,4,1612
8065,8070,Stage 3,3,1613
8070,8075,Stage 1,1,1614
8075,8080,Stage 1,1,1615
8080,8085,Stage 2,2,1616
8085,8090,REM,4,1617
8090,8095,Stage 2,2,1618
8095,8100,Stage 3,3,1619
8100,8105,REM,4,1620
8105,8110,Stage 1,1,1621
8110,8115,Stage 1,1,1622
8115,8120,Stage 3,3,1623
8120,8125,Stage 1,1,1624
8125,8130,Wake,0,1625
8130,8135,Stage 3,3,1626
8135,8140,Stage 3,3,1627
8140,8145,REM,4,1628
8145,8150,REM,4,1629
8150,8155,REM,4,1630
8155,8160,Stage 3,3,1631
8160,8165,REM,4,1632
8165,8170,Stage 1,1,1633
8170,8175,REM,4,1634
8175,8180,Wake,0,1635
8180,8185,Stage 1,1,1636
8185,8190,Stage 3,3,1637
8190,8195,Wake,0,1638
8195,8200,Wake,0,1639
8200,8205,Stage 1,1,1640
8205,8210,REM,4,1641
8210,8215,REM,4,1642
8215,8220,Stage 1,1,1643
8220,8225,Stage 3,3,1644
8225,8230,Wake,0,1645
8230,8235,Wake,0,1646
8235,8240,REM,4,1647
8240,8245,Stage 2,2,1648
8245,8250,Wake,0,1649
8250,8255,Stage 3,3,1650
8255,8260,Stage 1,1,1651
8260,8265,REM,4,1652
8265,8270,Wake,0,1653
8270,8275,REM,4,1654
8275,8280,Stage 1,1,1655
8280,8285,Stage 3,3,1656
8285,8290,Stage 2,2,1657
8290,8295,REM,4,1658
8295,8300,Stage 1,1,1659
8300,8305,Stage 3,3,1660
8305,8310,Wake,0,1661
8310,8315,Stage 2,2,1662
8315,8320,Stage 2,2,1663
8320,8325,Stage 1,1,1664
8325,8330,Wake,0,1665
8330,8335,Stage 3,3,1666
8335,8340,Stage 3,3,1667
8340,8345,Stage 3,3,1668
8345,8350,Stage 1,1,1669
8350,8355,Wake,0,1670
8355,8360,Stage 3,3,1671
8360,8365,Stage 2,2,1672
8365,8370,Wake,0,1673
8370,8375,Wake,0,1674
8375,8380,Stage 3,3,1675
8380,8385,Stage 2,2,1676
8385,8390,Stage 2,2,1677
8390,8395,Wake,0,1678
8395,8400,Stage 3,3,1679
8400,8405,Wake,0,1680
8405,8410,Wake,0,1681
8410,8415,Stage 2,2,1682
8415,8420,REM,4,1683
8420,8425,REM,4,1684
8425,8430,Wake,0,1685
8430,8435,Stage 3,3,1686
8435,8440,REM,4,1687
8440,8445,Stage 2,2,1688
8445,8450,Wake,0,1689
8450,8455,Stage 1,1,1690
8455,8460,Stage 2,2,1691
8460,8465,Wake,0,1692
8465,8470,Stage 2,2,1693
8470,8475,Stage 1,1,1694
8475,8480,Stage 2,2,1695
8480,8485,Stage 1,1,1696
8485,8490,Stage 1,1,1697
8490,8495,Stage 2,2,1698
8495,8500,Stage 1,1,1699
8500,8505,Wake,0,1700
8505,8510,Stage 1,1,1701
8510,8515,Stage 3,3,1702
8515,8520,Stage 1,1,1703
8520,8525,Wake,0,1704
8525,8530,Stage 1,1,1705
8530,8535,Stage 3,3,1706
8535,8540,Stage 2,2,1707
8540,8545,Stage 1,1,1708
8545,8550,Stage 3,3,1709
8550,8555,Stage 1,1,1710
8555,8560,REM,4,1711
8560,8565,Stage 3,3,1712
8565,8570,REM,4,1713
8570,8575,REM,4,1714
8575,8580,Stage 3,3,1715
8580,8585,Wake,0,1716
8585,8590,REM,4,1717
8590,8595,REM,4,1718
8595,8600,Stage 1,1,1719
8600,8605,Stage 3,3,1720
8605,8610,Stage 3,3,1721
8610,8615,REM,4,1722
8615,8620,Wake,0,1723
8620,8625,Wake,0,1724
8625,8630,Stage 3,3,1725
8630,8635,Stage 1,1,1726
8635,8640,Stage 3,3,1727
8640,8645,REM,4,1728
8645,8650,Stage 1,1,1729
8650,8655,Stage 1,1,1730
8655,8660,Wake,0,1731
8660,8665,REM,4,1732
8665,8670,Wake,0,1733
8670,8675,Wake,0,1734
8675,8680,Wake,0,1735
8680,8685,Wake,0,1736
8685,8690,REM,4,1737
8690,8695,Stage 2,2,1738
8695,8700,Wake,0,1739
8700,8705,Stage 2,2,1740
8705,8710,Stage 1,1,1741
8710,8715,Stage 2,2,1742
